1,4,Issue,2,,2011-05-12 00:00:00
2,4,Issue,2,,2011-05-13 00:00:00
3,4,Issue,2,,2011-05-16 00:00:00
4,4,Issue,2,,2011-05-17 00:00:00
5,4,Issue,2,,2011-05-18 00:00:00
6,4,Issue,2,,2011-05-19 00:00:00
7,4,Issue,2,,2011-05-20 00:00:00
8,4,Issue,2,,2011-05-23 00:00:00
9,4,Issue,2,,2011-05-24 00:00:00
10,4,Issue,2,,2011-05-25 00:00:00
11,5,Issue,2,,2011-05-26 00:00:00
12,5,Issue,2,,2011-05-27 00:00:00
13,5,Issue,2,,2011-05-30 00:00:00
14,7,Issue,2,,2011-05-31 00:00:00
15,7,Issue,2,,2011-06-01 00:00:00
16,7,Issue,2,,2011-06-02 00:00:00
17,7,Issue,2,,2011-06-03 00:00:00
18,7,Issue,2,,2011-06-06 00:00:00
19,8,Issue,2,,2011-06-07 00:00:00
20,8,Issue,2,,2011-06-08 00:00:00
21,8,Issue,2,,2011-06-09 00:00:00
22,8,Issue,2,,2011-06-10 00:00:00
23,8,Issue,2,,2011-06-13 00:00:00
24,9,Issue,3,,2011-06-07 00:00:00
25,9,Issue,3,,2011-06-08 00:00:00
26,9,Issue,3,,2011-06-09 00:00:00
27,9,Issue,3,,2011-06-10 00:00:00
28,9,Issue,3,,2011-06-13 00:00:00
29,10,Issue,4,,2011-06-07 00:00:00
30,10,Issue,4,,2011-06-08 00:00:00
31,10,Issue,4,,2011-06-09 00:00:00
32,10,Issue,4,,2011-06-10 00:00:00
33,10,Issue,4,,2011-06-13 00:00:00
34,11,Issue,2,,2011-06-14 00:00:00
35,11,Issue,2,,2011-06-15 00:00:00
36,11,Issue,2,,2011-06-16 00:00:00
37,11,Issue,2,,2011-06-17 00:00:00
38,11,Issue,2,,2011-06-20 00:00:00
39,11,Issue,2,,2011-06-21 00:00:00
40,11,Issue,2,,2011-06-22 00:00:00
41,11,Issue,2,,2011-06-23 00:00:00
42,11,Issue,2,,2011-06-24 00:00:00
43,11,Issue,2,,2011-06-27 00:00:00
44,11,Issue,2,,2011-06-28 00:00:00
45,11,Issue,2,,2011-06-29 00:00:00
46,11,Issue,2,,2011-06-30 00:00:00
47,11,Issue,2,,2011-07-01 00:00:00
48,11,Issue,2,,2011-07-04 00:00:00
49,11,Issue,2,,2011-07-05 00:00:00
50,11,Issue,2,,2011-07-06 00:00:00
51,11,Issue,2,,2011-07-07 00:00:00
52,11,Issue,2,,2011-07-08 00:00:00
53,11,Issue,2,,2011-07-11 00:00:00
54,11,Issue,2,,2011-07-12 00:00:00
55,11,Issue,2,,2011-07-13 00:00:00
56,11,Issue,2,,2011-07-14 00:00:00
57,11,Issue,2,,2011-07-15 00:00:00
58,11,Issue,2,,2011-07-18 00:00:00
59,12,Issue,2,,2011-07-19 00:00:00
60,13,Issue,2,,2011-07-20 00:00:00
61,14,Issue,2,,2011-07-21 00:00:00
62,15,Issue,2,,2011-07-22 00:00:00
63,15,Issue,2,,2011-07-25 00:00:00
64,15,Issue,2,,2011-07-26 00:00:00
65,16,Issue,3,,2011-07-22 00:00:00
66,16,Issue,3,,2011-07-25 00:00:00
67,16,Issue,3,,2011-07-26 00:00:00
68,17,Issue,2,,2011-07-27 00:00:00
69,18,Issue,2,,2011-07-27 00:00:00
70,20,Issue,4,,2011-06-22 00:00:00
71,20,Issue,4,,2011-06-23 00:00:00
72,20,Issue,4,,2011-06-24 00:00:00
73,20,Issue,4,,2011-06-27 00:00:00
74,20,Issue,4,,2011-06-28 00:00:00
75,20,Issue,4,,2011-06-29 00:00:00
76,20,Issue,4,,2011-06-30 00:00:00
77,22,Issue,4,,2011-07-01 00:00:00
78,22,Issue,4,,2011-07-04 00:00:00
79,22,Issue,4,,2011-07-05 00:00:00
80,22,Issue,4,,2011-07-06 00:00:00
81,22,Issue,4,,2011-07-07 00:00:00
82,22,Issue,4,,2011-07-08 00:00:00
83,22,Issue,4,,2011-07-11 00:00:00
84,22,Issue,4,,2011-07-12 00:00:00
85,22,Issue,4,,2011-07-13 00:00:00
86,22,Issue,4,,2011-07-14 00:00:00
87,22,Issue,4,,2011-07-15 00:00:00
88,22,Issue,4,,2011-07-18 00:00:00
89,22,Issue,4,,2011-07-19 00:00:00
90,22,Issue,4,,2011-07-20 00:00:00
91,22,Issue,4,,2011-07-21 00:00:00
92,23,Issue,4,,2011-07-27 00:00:00
93,23,Issue,4,,2011-07-28 00:00:00
94,23,Issue,4,,2011-07-29 00:00:00
95,23,Issue,4,,2011-08-01 00:00:00
96,23,Issue,4,,2011-08-02 00:00:00
97,23,Issue,4,,2011-08-03 00:00:00
98,23,Issue,4,,2011-08-04 00:00:00
99,23,Issue,4,,2011-08-05 00:00:00
100,23,Issue,4,,2011-08-08 00:00:00
101,23,Issue,4,,2011-08-09 00:00:00
102,24,Issue,4,,2012-08-10 00:00:00
103,26,Issue,6,,2011-07-01 00:00:00
104,26,Issue,6,,2011-07-04 00:00:00
105,26,Issue,6,,2011-07-05 00:00:00
106,26,Issue,6,,2011-07-06 00:00:00
107,26,Issue,6,,2011-07-07 00:00:00
108,26,Issue,6,,2011-07-08 00:00:00
109,26,Issue,6,,2011-07-11 00:00:00
110,26,Issue,6,,2011-07-12 00:00:00
111,26,Issue,6,,2011-07-13 00:00:00
112,26,Issue,6,,2011-07-14 00:00:00
113,26,Issue,6,,2011-07-15 00:00:00
114,26,Issue,6,,2011-07-18 00:00:00
115,26,Issue,6,,2011-07-19 00:00:00
116,26,Issue,6,,2011-07-20 00:00:00
117,26,Issue,6,,2011-07-21 00:00:00
118,27,Issue,6,,2011-07-27 00:00:00
119,27,Issue,6,,2011-07-28 00:00:00
120,27,Issue,6,,2011-07-29 00:00:00
121,27,Issue,6,,2011-08-01 00:00:00
122,27,Issue,6,,2011-08-02 00:00:00
123,27,Issue,6,,2011-08-03 00:00:00
124,27,Issue,6,,2011-08-04 00:00:00
125,27,Issue,6,,2011-08-05 00:00:00
126,27,Issue,6,,2011-08-08 00:00:00
127,27,Issue,6,,2011-08-09 00:00:00
128,28,Issue,6,,2012-08-10 00:00:00
129,30,Issue,8,,2011-07-01 00:00:00
130,30,Issue,8,,2011-07-04 00:00:00
131,30,Issue,8,,2011-07-05 00:00:00
132,30,Issue,8,,2011-07-06 00:00:00
133,30,Issue,8,,2011-07-07 00:00:00
134,30,Issue,8,,2011-07-08 00:00:00
135,30,Issue,8,,2011-07-11 00:00:00
136,30,Issue,8,,2011-07-12 00:00:00
137,30,Issue,8,,2011-07-13 00:00:00
138,30,Issue,8,,2011-07-14 00:00:00
139,30,Issue,8,,2011-07-15 00:00:00
140,30,Issue,8,,2011-07-18 00:00:00
141,30,Issue,8,,2011-07-19 00:00:00
142,31,Issue,8,,2011-07-27 00:00:00
143,31,Issue,8,,2011-07-28 00:00:00
144,31,Issue,8,,2011-07-29 00:00:00
145,31,Issue,8,,2011-08-01 00:00:00
146,31,Issue,8,,2011-08-02 00:00:00
147,31,Issue,8,,2011-08-03 00:00:00
148,31,Issue,8,,2011-08-04 00:00:00
149,31,Issue,8,,2011-08-05 00:00:00
150,31,Issue,8,,2011-08-08 00:00:00
151,31,Issue,8,,2011-08-09 00:00:00
152,32,Issue,9,,2011-07-01 00:00:00
153,32,Issue,9,,2011-07-04 00:00:00
154,32,Issue,9,,2011-07-05 00:00:00
155,32,Issue,9,,2011-07-06 00:00:00
156,32,Issue,9,,2011-07-07 00:00:00
157,32,Issue,9,,2011-07-08 00:00:00
158,32,Issue,9,,2011-07-11 00:00:00
159,32,Issue,9,,2011-07-12 00:00:00
160,32,Issue,9,,2011-07-13 00:00:00
161,32,Issue,9,,2011-07-14 00:00:00
162,33,Issue,9,,2011-07-27 00:00:00
163,33,Issue,9,,2011-07-28 00:00:00
164,33,Issue,9,,2011-07-29 00:00:00
165,33,Issue,9,,2011-08-01 00:00:00
166,33,Issue,9,,2011-08-02 00:00:00
167,33,Issue,9,,2011-08-03 00:00:00
168,33,Issue,9,,2011-08-04 00:00:00
169,33,Issue,9,,2011-08-05 00:00:00
170,34,Issue,10,,2011-07-01 00:00:00
171,34,Issue,10,,2011-07-04 00:00:00
172,34,Issue,10,,2011-07-05 00:00:00
173,34,Issue,10,,2011-07-06 00:00:00
174,34,Issue,10,,2011-07-07 00:00:00
175,34,Issue,10,,2011-07-08 00:00:00
176,34,Issue,10,,2011-07-11 00:00:00
177,34,Issue,10,,2011-07-12 00:00:00
178,34,Issue,10,,2011-07-13 00:00:00
179,34,Issue,10,,2011-07-14 00:00:00
180,34,Issue,10,,2011-07-15 00:00:00
181,34,Issue,10,,2011-07-18 00:00:00
182,35,Issue,10,,2011-07-27 00:00:00
183,35,Issue,10,,2011-07-28 00:00:00
184,35,Issue,10,,2011-07-29 00:00:00
185,35,Issue,10,,2011-08-01 00:00:00
186,35,Issue,10,,2011-08-02 00:00:00
187,35,Issue,10,,2011-08-03 00:00:00
188,35,Issue,10,,2011-08-04 00:00:00
189,35,Issue,10,,2011-08-05 00:00:00
190,35,Issue,10,,2011-08-08 00:00:00
191,35,Issue,10,,2011-08-09 00:00:00
192,36,Issue,8,,2011-08-10 00:00:00
193,37,Issue,2,,2011-08-11 00:00:00
194,37,Issue,2,,2011-08-12 00:00:00
195,37,Issue,2,,2011-08-15 00:00:00
196,37,Issue,2,,2011-08-16 00:00:00
197,37,Issue,2,,2011-08-17 00:00:00
198,37,Issue,2,,2011-08-18 00:00:00
199,37,Issue,2,,2011-08-19 00:00:00
200,39,Issue,2,,2011-08-22 00:00:00
201,39,Issue,2,,2011-08-23 00:00:00
202,39,Issue,2,,2011-08-24 00:00:00
203,39,Issue,2,,2011-08-25 00:00:00
204,39,Issue,2,,2011-08-26 00:00:00
205,40,Issue,3,,2011-08-22 00:00:00
206,40,Issue,3,,2011-08-23 00:00:00
207,40,Issue,3,,2011-08-24 00:00:00
208,40,Issue,3,,2011-08-25 00:00:00
209,40,Issue,3,,2011-08-26 00:00:00
210,41,Issue,4,,2011-08-22 00:00:00
211,41,Issue,4,,2011-08-23 00:00:00
212,41,Issue,4,,2011-08-24 00:00:00
213,41,Issue,4,,2011-08-25 00:00:00
214,41,Issue,4,,2011-08-26 00:00:00
215,42,Issue,2,,2011-08-29 00:00:00
216,43,Issue,2,,2011-08-30 00:00:00
217,44,Issue,2,,2011-08-31 00:00:00
218,45,Issue,2,,2011-09-01 00:00:00
219,46,Issue,2,,2011-09-01 00:00:00
220,48,Issue,2,,2011-09-02 00:00:00
221,48,Issue,2,,2011-09-05 00:00:00
222,48,Issue,2,,2011-09-06 00:00:00
223,48,Issue,2,,2011-09-07 00:00:00
224,48,Issue,2,,2011-09-08 00:00:00
225,48,Issue,2,,2011-09-09 00:00:00
226,48,Issue,2,,2011-09-12 00:00:00
227,50,Issue,2,,2011-09-13 00:00:00
228,50,Issue,2,,2011-09-14 00:00:00
229,50,Issue,2,,2011-09-15 00:00:00
230,50,Issue,2,,2011-09-16 00:00:00
231,50,Issue,2,,2011-09-19 00:00:00
232,50,Issue,2,,2011-09-20 00:00:00
233,50,Issue,2,,2011-09-21 00:00:00
234,50,Issue,2,,2011-09-22 00:00:00
235,50,Issue,2,,2011-09-23 00:00:00
236,50,Issue,2,,2011-09-26 00:00:00
237,50,Issue,2,,2011-09-27 00:00:00
238,50,Issue,2,,2011-09-28 00:00:00
239,50,Issue,2,,2011-09-29 00:00:00
240,50,Issue,2,,2011-09-30 00:00:00
241,50,Issue,2,,2011-10-03 00:00:00
242,50,Issue,2,,2011-10-04 00:00:00
243,52,Issue,3,,2011-09-13 00:00:00
244,52,Issue,3,,2011-09-14 00:00:00
245,52,Issue,3,,2011-09-15 00:00:00
246,52,Issue,3,,2011-09-16 00:00:00
247,52,Issue,3,,2011-09-19 00:00:00
248,52,Issue,3,,2011-09-20 00:00:00
249,52,Issue,3,,2011-09-21 00:00:00
250,52,Issue,3,,2011-09-22 00:00:00
251,52,Issue,3,,2011-09-23 00:00:00
252,52,Issue,3,,2011-09-26 00:00:00
253,52,Issue,3,,2011-09-27 00:00:00
254,52,Issue,3,,2011-09-28 00:00:00
255,52,Issue,3,,2011-09-29 00:00:00
256,52,Issue,3,,2011-09-30 00:00:00
257,52,Issue,3,,2011-10-03 00:00:00
258,52,Issue,3,,2011-10-04 00:00:00
259,54,Issue,5,,2011-09-13 00:00:00
260,54,Issue,5,,2011-09-14 00:00:00
261,54,Issue,5,,2011-09-15 00:00:00
262,54,Issue,5,,2011-09-16 00:00:00
263,54,Issue,5,,2011-09-19 00:00:00
264,54,Issue,5,,2011-09-20 00:00:00
265,54,Issue,5,,2011-09-21 00:00:00
266,54,Issue,5,,2011-09-22 00:00:00
267,54,Issue,5,,2011-09-23 00:00:00
268,54,Issue,5,,2011-09-26 00:00:00
269,54,Issue,5,,2011-09-27 00:00:00
270,54,Issue,5,,2011-09-28 00:00:00
271,54,Issue,5,,2011-09-29 00:00:00
272,54,Issue,5,,2011-09-30 00:00:00
273,54,Issue,5,,2011-10-03 00:00:00
274,54,Issue,5,,2011-10-04 00:00:00
275,54,Issue,5,,2011-10-05 00:00:00
276,54,Issue,5,,2011-10-06 00:00:00
277,54,Issue,5,,2011-10-07 00:00:00
278,55,Issue,7,,2011-09-13 00:00:00
279,55,Issue,7,,2011-09-14 00:00:00
280,55,Issue,7,,2011-09-15 00:00:00
281,55,Issue,7,,2011-09-16 00:00:00
282,55,Issue,7,,2011-09-19 00:00:00
283,55,Issue,7,,2011-09-20 00:00:00
284,55,Issue,7,,2011-09-21 00:00:00
285,55,Issue,7,,2011-09-22 00:00:00
286,55,Issue,7,,2011-09-23 00:00:00
287,55,Issue,7,,2011-09-26 00:00:00
288,55,Issue,7,,2011-09-27 00:00:00
289,55,Issue,7,,2011-09-28 00:00:00
290,55,Issue,7,,2011-09-29 00:00:00
291,55,Issue,7,,2011-09-30 00:00:00
292,55,Issue,7,,2011-10-03 00:00:00
293,55,Issue,7,,2011-10-04 00:00:00
294,55,Issue,7,,2011-10-05 00:00:00
295,55,Issue,7,,2011-10-06 00:00:00
296,56,Issue,9,,2011-09-13 00:00:00
297,56,Issue,9,,2011-09-14 00:00:00
298,56,Issue,9,,2011-09-15 00:00:00
299,56,Issue,9,,2011-09-16 00:00:00
300,56,Issue,9,,2011-09-19 00:00:00
301,56,Issue,9,,2011-09-20 00:00:00
302,56,Issue,9,,2011-09-21 00:00:00
303,56,Issue,9,,2011-09-22 00:00:00
304,56,Issue,9,,2011-09-23 00:00:00
305,56,Issue,9,,2011-09-26 00:00:00
306,56,Issue,9,,2011-09-27 00:00:00
307,56,Issue,9,,2011-09-28 00:00:00
308,56,Issue,9,,2011-09-29 00:00:00
309,56,Issue,9,,2011-09-30 00:00:00
310,56,Issue,9,,2011-10-03 00:00:00
311,56,Issue,9,,2011-10-04 00:00:00
312,56,Issue,9,,2011-10-05 00:00:00
313,57,Issue,2,,2011-10-10 00:00:00
314,58,Issue,2,,2011-10-11 00:00:00
315,59,Issue,2,,2011-10-12 00:00:00
316,59,Issue,2,,2011-10-13 00:00:00
317,59,Issue,2,,2011-10-14 00:00:00
318,59,Issue,2,,2011-10-17 00:00:00
319,59,Issue,2,,2011-10-18 00:00:00
320,59,Issue,2,,2011-10-19 00:00:00
321,59,Issue,2,,2011-10-20 00:00:00
322,59,Issue,2,,2011-10-21 00:00:00
323,59,Issue,2,,2011-10-24 00:00:00
324,59,Issue,2,,2011-10-25 00:00:00
325,59,Issue,2,,2011-10-26 00:00:00
326,59,Issue,2,,2011-10-27 00:00:00
327,59,Issue,2,,2011-10-28 00:00:00
328,59,Issue,2,,2011-10-31 00:00:00
329,59,Issue,2,,2011-11-01 00:00:00
330,59,Issue,2,,2011-11-02 00:00:00
331,59,Issue,2,,2011-11-03 00:00:00
332,59,Issue,2,,2011-11-04 00:00:00
333,60,Issue,2,,2011-11-07 00:00:00
334,61,Issue,2,,2011-11-09 00:00:00
335,62,Issue,2,,2011-11-10 00:00:00
336,63,Issue,2,,2011-11-10 00:00:00
337,66,Issue,2,,2011-11-11 00:00:00
338,66,Issue,2,,2011-11-14 00:00:00
339,66,Issue,2,,2011-11-15 00:00:00
340,66,Issue,2,,2011-11-16 00:00:00
341,66,Issue,2,,2011-11-17 00:00:00
342,66,Issue,2,,2011-11-18 00:00:00
343,66,Issue,2,,2011-11-21 00:00:00
344,66,Issue,2,,2011-11-22 00:00:00
345,66,Issue,2,,2011-11-23 00:00:00
346,66,Issue,2,,2011-11-24 00:00:00
347,66,Issue,2,,2011-11-25 00:00:00
348,66,Issue,2,,2011-11-28 00:00:00
349,66,Issue,2,,2011-11-29 00:00:00
350,66,Issue,2,,2011-11-30 00:00:00
351,66,Issue,2,,2011-12-01 00:00:00
352,66,Issue,2,,2011-12-02 00:00:00
353,66,Issue,2,,2011-12-05 00:00:00
354,66,Issue,2,,2011-12-06 00:00:00
355,66,Issue,2,,2011-12-07 00:00:00
356,66,Issue,2,,2011-12-08 00:00:00
357,66,Issue,2,,2011-12-09 00:00:00
358,66,Issue,2,,2011-12-12 00:00:00
359,66,Issue,2,,2011-12-13 00:00:00
360,66,Issue,2,,2011-12-14 00:00:00
361,66,Issue,2,,2011-12-15 00:00:00
362,66,Issue,2,,2011-12-16 00:00:00
363,66,Issue,2,,2011-12-19 00:00:00
364,66,Issue,2,,2011-12-20 00:00:00
365,66,Issue,2,,2011-12-21 00:00:00
366,66,Issue,2,,2011-12-22 00:00:00
367,66,Issue,2,,2011-12-23 00:00:00
368,66,Issue,2,,2011-12-26 00:00:00
369,71,Issue,4,,2011-11-11 00:00:00
370,71,Issue,4,,2011-11-14 00:00:00
371,71,Issue,4,,2011-11-15 00:00:00
372,71,Issue,4,,2011-11-16 00:00:00
373,71,Issue,4,,2011-11-17 00:00:00
374,71,Issue,4,,2011-11-18 00:00:00
375,71,Issue,4,,2011-11-21 00:00:00
376,71,Issue,4,,2011-11-22 00:00:00
377,71,Issue,4,,2011-11-23 00:00:00
378,71,Issue,4,,2011-11-24 00:00:00
379,71,Issue,4,,2011-11-25 00:00:00
380,71,Issue,4,,2011-11-28 00:00:00
381,71,Issue,4,,2011-11-29 00:00:00
382,71,Issue,4,,2011-11-30 00:00:00
383,71,Issue,4,,2011-12-01 00:00:00
384,71,Issue,4,,2011-12-02 00:00:00
385,71,Issue,4,,2011-12-05 00:00:00
386,71,Issue,4,,2011-12-06 00:00:00
387,71,Issue,4,,2011-12-07 00:00:00
388,71,Issue,4,,2011-12-08 00:00:00
389,71,Issue,4,,2011-12-09 00:00:00
390,71,Issue,4,,2011-12-12 00:00:00
391,71,Issue,4,,2011-12-13 00:00:00
392,71,Issue,4,,2011-12-14 00:00:00
393,71,Issue,4,,2011-12-15 00:00:00
394,71,Issue,4,,2011-12-16 00:00:00
395,71,Issue,4,,2011-12-19 00:00:00
396,71,Issue,4,,2011-12-20 00:00:00
397,71,Issue,4,,2011-12-21 00:00:00
398,71,Issue,4,,2011-12-22 00:00:00
399,71,Issue,4,,2011-12-23 00:00:00
400,71,Issue,4,,2011-12-26 00:00:00
401,76,Issue,6,,2011-11-11 00:00:00
402,76,Issue,6,,2011-11-14 00:00:00
403,76,Issue,6,,2011-11-15 00:00:00
404,76,Issue,6,,2011-11-16 00:00:00
405,76,Issue,6,,2011-11-17 00:00:00
406,76,Issue,6,,2011-11-18 00:00:00
407,76,Issue,6,,2011-11-21 00:00:00
408,76,Issue,6,,2011-11-22 00:00:00
409,76,Issue,6,,2011-11-23 00:00:00
410,76,Issue,6,,2011-11-24 00:00:00
411,76,Issue,6,,2011-11-25 00:00:00
412,76,Issue,6,,2011-11-28 00:00:00
413,76,Issue,6,,2011-11-29 00:00:00
414,76,Issue,6,,2011-11-30 00:00:00
415,76,Issue,6,,2011-12-01 00:00:00
416,76,Issue,6,,2011-12-02 00:00:00
417,76,Issue,6,,2011-12-05 00:00:00
418,76,Issue,6,,2011-12-06 00:00:00
419,76,Issue,6,,2011-12-07 00:00:00
420,76,Issue,6,,2011-12-08 00:00:00
421,76,Issue,6,,2011-12-09 00:00:00
422,76,Issue,6,,2011-12-12 00:00:00
423,76,Issue,6,,2011-12-13 00:00:00
424,76,Issue,6,,2011-12-14 00:00:00
425,76,Issue,6,,2011-12-15 00:00:00
426,76,Issue,6,,2011-12-16 00:00:00
427,76,Issue,6,,2011-12-19 00:00:00
428,76,Issue,6,,2011-12-20 00:00:00
429,76,Issue,6,,2011-12-21 00:00:00
430,76,Issue,6,,2011-12-22 00:00:00
431,76,Issue,6,,2011-12-23 00:00:00
432,76,Issue,6,,2011-12-26 00:00:00
433,103,Issue,2,,2011-04-06 00:00:00
434,104,Issue,2,,2011-04-07 00:00:00
435,107,Issue,2,,2011-04-08 00:00:00
436,109,Issue,2,,2011-04-11 00:00:00
437,110,Issue,2,,2011-04-12 00:00:00
438,111,Issue,2,,2011-04-13 00:00:00
439,112,Issue,2,,2011-04-14 00:00:00
440,113,Issue,2,,2011-04-15 00:00:00
441,114,Issue,2,,2011-04-18 00:00:00
442,115,Issue,2,,2011-04-19 00:00:00
443,116,Issue,2,,2011-04-20 00:00:00
444,117,Issue,2,,2011-04-21 00:00:00
445,118,Issue,2,,2011-04-22 00:00:00
446,121,Issue,2,,2011-04-25 00:00:00
447,122,Issue,2,,2011-04-26 00:00:00
448,124,Issue,2,,2011-04-27 00:00:00
449,126,Issue,2,,2011-04-28 00:00:00
450,127,Issue,2,,2011-04-29 00:00:00
451,129,Issue,2,,2011-05-02 00:00:00
452,130,Issue,2,,2011-05-03 00:00:00
453,131,Issue,2,,2011-05-05 00:00:00
454,132,Issue,2,,2011-05-06 00:00:00
455,133,Issue,2,,2011-05-11 00:00:00
456,134,Issue,2,,2011-05-11 00:00:00
457,137,Issue,2,,2011-04-11 00:00:00
458,138,Issue,2,,2011-04-18 00:00:00
459,139,Issue,2,,2011-04-25 00:00:00
460,140,Issue,2,,2011-05-02 00:00:00
461,141,Issue,2,,2011-05-11 00:00:00
462,142,Issue,2,,2011-05-16 00:00:00
463,143,Issue,2,,2011-05-23 00:00:00
464,144,Issue,2,,2011-05-30 00:00:00
465,145,Issue,2,,2011-06-06 00:00:00
466,146,Issue,2,,2011-06-13 00:00:00
467,147,Issue,2,,2011-06-20 00:00:00
468,148,Issue,2,,2011-06-27 00:00:00
469,149,Issue,2,,2011-07-04 00:00:00
470,150,Issue,2,,2011-07-11 00:00:00
471,151,Issue,2,,2011-07-18 00:00:00
472,152,Issue,2,,2011-07-26 00:00:00
473,153,Issue,2,,2011-08-01 00:00:00
474,154,Issue,2,,2011-08-08 00:00:00
475,155,Issue,2,,2011-08-15 00:00:00
476,156,Issue,2,,2011-08-22 00:00:00
477,157,Issue,2,,2011-08-29 00:00:00
478,158,Issue,2,,2011-09-05 00:00:00
479,159,Issue,2,,2011-09-12 00:00:00
480,160,Issue,2,,2011-09-19 00:00:00
481,161,Issue,2,,2011-09-26 00:00:00
482,162,Issue,2,,2011-10-03 00:00:00
483,163,Issue,2,,2011-10-10 00:00:00
484,164,Issue,2,,2011-10-18 00:00:00
485,165,Issue,2,,2011-10-24 00:00:00
486,166,Issue,2,,2011-10-31 00:00:00
487,167,Issue,2,,2011-11-07 00:00:00
488,168,Issue,2,,2011-11-14 00:00:00
489,169,Issue,2,,2011-11-21 00:00:00
490,170,Issue,2,,2011-11-29 00:00:00
491,171,Issue,2,,2011-12-05 00:00:00
492,172,Issue,2,,2011-12-12 00:00:00
493,173,Issue,2,,2011-12-19 00:00:00
494,174,Issue,2,,2011-12-26 00:00:00
495,190,Issue,2,,2011-04-11 00:00:00
496,191,Issue,2,,2011-05-11 00:00:00
497,192,Issue,2,,2011-06-10 00:00:00
498,193,Issue,2,,2011-07-11 00:00:00
499,194,Issue,2,,2011-08-10 00:00:00
500,195,Issue,2,,2011-09-12 00:00:00
501,196,Issue,2,,2011-10-10 00:00:00
502,197,Issue,2,,2011-11-10 00:00:00
503,198,Issue,2,,2011-12-12 00:00:00
504,203,Issue,2,,2011-04-06 00:00:00
505,204,Issue,2,,2011-05-06 00:00:00
506,205,Issue,2,,2011-06-06 00:00:00
507,206,Issue,2,,2011-07-06 00:00:00
508,207,Issue,2,,2011-08-08 00:00:00
509,208,Issue,2,,2011-09-06 00:00:00
510,209,Issue,2,,2011-10-06 00:00:00
511,210,Issue,2,,2011-11-07 00:00:00
512,211,Issue,2,,2011-12-06 00:00:00
513,226,Issue,2,,2011-12-26 00:00:00
514,226,Issue,2,,2011-12-27 00:00:00
515,227,Issue,3,,2011-12-15 00:00:00
516,227,Issue,3,,2011-12-16 00:00:00
517,227,Issue,3,,2011-12-19 00:00:00
518,227,Issue,3,,2011-12-20 00:00:00
519,227,Issue,3,,2011-12-21 00:00:00
520,227,Issue,3,,2011-12-22 00:00:00
521,227,Issue,3,,2011-12-23 00:00:00
522,227,Issue,3,,2011-12-26 00:00:00
523,227,Issue,3,,2011-12-27 00:00:00
524,228,Issue,4,,2011-12-26 00:00:00
525,228,Issue,4,,2011-12-27 00:00:00
526,229,Issue,5,,2011-11-28 00:00:00
527,229,Issue,5,,2011-11-29 00:00:00
528,229,Issue,5,,2011-11-30 00:00:00
529,229,Issue,5,,2011-12-01 00:00:00
530,229,Issue,5,,2011-12-02 00:00:00
531,229,Issue,5,,2011-12-05 00:00:00
532,229,Issue,5,,2011-12-06 00:00:00
533,229,Issue,5,,2011-12-07 00:00:00
534,229,Issue,5,,2011-12-08 00:00:00
535,229,Issue,5,,2011-12-09 00:00:00
536,229,Issue,5,,2011-12-12 00:00:00
537,229,Issue,5,,2011-12-13 00:00:00
538,229,Issue,5,,2011-12-14 00:00:00
539,229,Issue,5,,2011-12-15 00:00:00
540,229,Issue,5,,2011-12-16 00:00:00
541,229,Issue,5,,2011-12-19 00:00:00
542,229,Issue,5,,2011-12-20 00:00:00
543,229,Issue,5,,2011-12-21 00:00:00
544,229,Issue,5,,2011-12-22 00:00:00
545,229,Issue,5,,2011-12-23 00:00:00
546,229,Issue,5,,2011-12-26 00:00:00
547,229,Issue,5,,2011-12-27 00:00:00
548,230,Issue,6,,2011-12-27 00:00:00
549,231,Issue,7,,2011-11-07 00:00:00
550,231,Issue,7,,2011-11-08 00:00:00
551,231,Issue,7,,2011-11-09 00:00:00
552,231,Issue,7,,2011-11-10 00:00:00
553,231,Issue,7,,2011-11-11 00:00:00
554,231,Issue,7,,2011-11-14 00:00:00
555,231,Issue,7,,2011-11-15 00:00:00
556,231,Issue,7,,2011-11-16 00:00:00
557,231,Issue,7,,2011-11-17 00:00:00
558,231,Issue,7,,2011-11-18 00:00:00
559,231,Issue,7,,2011-11-21 00:00:00
560,231,Issue,7,,2011-11-22 00:00:00
561,231,Issue,7,,2011-11-23 00:00:00
562,231,Issue,7,,2011-11-24 00:00:00
563,231,Issue,7,,2011-11-25 00:00:00
564,231,Issue,7,,2011-11-28 00:00:00
565,231,Issue,7,,2011-11-29 00:00:00
566,231,Issue,7,,2011-11-30 00:00:00
567,231,Issue,7,,2011-12-01 00:00:00
568,231,Issue,7,,2011-12-02 00:00:00
569,231,Issue,7,,2011-12-05 00:00:00
570,231,Issue,7,,2011-12-06 00:00:00
571,231,Issue,7,,2011-12-07 00:00:00
572,231,Issue,7,,2011-12-08 00:00:00
573,231,Issue,7,,2011-12-09 00:00:00
574,231,Issue,7,,2011-12-12 00:00:00
575,231,Issue,7,,2011-12-13 00:00:00
576,231,Issue,7,,2011-12-14 00:00:00
577,231,Issue,7,,2011-12-15 00:00:00
578,231,Issue,7,,2011-12-16 00:00:00
579,231,Issue,7,,2011-12-19 00:00:00
580,231,Issue,7,,2011-12-20 00:00:00
581,231,Issue,7,,2011-12-21 00:00:00
582,231,Issue,7,,2011-12-22 00:00:00
583,231,Issue,7,,2011-12-23 00:00:00
584,231,Issue,7,,2011-12-26 00:00:00
585,231,Issue,7,,2011-12-27 00:00:00
586,280,Issue,8,,2011-12-07 00:00:00
587,280,Issue,8,,2011-12-08 00:00:00
588,280,Issue,8,,2011-12-09 00:00:00
589,280,Issue,8,,2011-12-12 00:00:00
590,280,Issue,8,,2011-12-13 00:00:00
591,280,Issue,8,,2011-12-14 00:00:00
592,280,Issue,8,,2011-12-15 00:00:00
593,281,Issue,9,,2011-12-12 00:00:00
594,281,Issue,9,,2011-12-13 00:00:00
595,281,Issue,9,,2011-12-14 00:00:00
596,281,Issue,9,,2011-12-15 00:00:00
597,282,Issue,10,,2011-12-08 00:00:00
598,282,Issue,10,,2011-12-09 00:00:00
599,282,Issue,10,,2011-12-12 00:00:00
600,282,Issue,10,,2011-12-13 00:00:00
601,282,Issue,10,,2011-12-14 00:00:00
602,282,Issue,10,,2011-12-15 00:00:00
603,282,Issue,10,,2011-12-16 00:00:00
604,283,Issue,11,,2011-12-13 00:00:00
605,283,Issue,11,,2011-12-14 00:00:00
606,283,Issue,11,,2011-12-15 00:00:00
607,283,Issue,11,,2011-12-16 00:00:00
608,284,Issue,2,,2011-12-07 00:00:00
609,284,Issue,2,,2011-12-08 00:00:00
610,285,Issue,3,,2011-12-16 00:00:00
611,285,Issue,3,,2011-12-19 00:00:00
612,285,Issue,3,,2011-12-20 00:00:00
